conversations,source,score,split
"[{""from"": ""human"", ""value"": ""What is the primary purpose of importing configuration files in Symfony?""}, {""from"": ""gpt"", ""value"": ""The primary purpose of importing configuration files in Symfony is to organize and manage service configurations efficiently. As applications grow, it becomes essential to structure these configurations into separate files or resources (like YAML, XML, or PHP) for better maintainability and clarity. By importing configuration files, developers can modularize settings and service definitions, allowing for cleaner code organization and easier updates.""}]",knowledge/php/symfony-docs-7.1,1.0,train
"[{""from"": ""human"", ""value"": ""How can Symfony load configuration from other sources apart from files?""}, {""from"": ""gpt"", ""value"": ""Symfony can load configuration resources not just from files but also from various other sources. This includes configurations fetched from a database, environment variables, or even external web services. This flexibility allows developers to dynamically manage service configurations, accommodating different environments and setups without being limited to static files.""}]",knowledge/php/symfony-docs-7.1,1.0,train
"[{""from"": ""human"", ""value"": ""Describe the two methods used for importing external service configurations in Symfony.""}, {""from"": ""gpt"", ""value"": ""There are two primary methods for importing external service configurations in Symfony:\n\n1. **Using the `imports` Directive**: This method allows you to reference configuration files (or directories) directly within a service configuration file. For example, you could include specific YAML or XML files containing parameters and service definitions by specifying their paths under the `imports` key.\n   \n   Example in YAML format:\n   ```yaml\n   imports:\n       - { resource: services/mailer.yaml }\n       - { resource: services/ }\n   ```\n\n2. **Using Dependency Injection Extensions**: This method is used when third-party bundles need to load their configurations. Instead of importing files directly, bundles define a dependency injection extension that gets automatically invoked when the bundle is enabled. This extension handles the loading of service configuration files according to the rules defined within the bundle.\n   \n   This separation helps in managing bundled functionalities while maintaining core service configurations segregated.""}]",knowledge/php/symfony-docs-7.1,1.0,train
"[{""from"": ""human"", ""value"": ""What are the steps to import a service configuration file using the `imports` directive?""}, {""from"": ""gpt"", ""value"": ""To import a service configuration file using the `imports` directive in Symfony, follow these steps:\n\n1. **Create the Service Configuration File**: Write your service definitions and parameters in a separate file (e.g., `mailer.yaml`, `mailer.xml`, or `mailer.php`). For example, here\u2019s a sample YAML file:\n   ```yaml\n   # config/services/mailer.yaml\n   parameters:\n       # ... some parameters\n\n   services:\n       # ... some services\n   ```\n\n2. **Update the Main Configuration File**: Modify the main service configuration file (typically `config/services.yaml`) to include the `imports` key, and then provide the path to the newly created file. For instance:\n   ```yaml\n   imports:\n       - { resource: services/mailer.yaml }\n       # or import an entire directory:\n       - { resource: services/ }\n   services:\n       _defaults:\n           autowire: true\n           autoconfigure: true\n   ```\n\n3. **Define Services**: After importing, you can define services or parameters in the main configuration file itself, ensuring there is no conflict in service names.""}]",knowledge/php/symfony-docs-7.1,1.0,train
"[{""from"": ""human"", ""value"": ""Explain how you can manage file size by importing configuration files in Symfony.""}, {""from"": ""gpt"", ""value"": ""Managing file size in Symfony configuration can be accomplished effectively through the use of file imports. Instead of placing all service definitions and parameters in a single configuration file, which can quickly become unwieldy, developers can organize configurations into multiple files. Here's how:\n\n1. **Split Configuration**: Identify sections of your service configurations that can be logically grouped (e.g., mail services, database configurations, etc.), and create separate files for these configurations. For instance:\n   - `config/services/mailer.yaml` for mailer services.\n   - `config/services/database.yaml` for database settings.\n   \n2. **Use the `imports` Directive**: In your main service file (`config/services.yaml`), utilize the `imports` directive to include these smaller, more focused configuration files:\n   ```yaml\n   imports:\n       - { resource: services/mailer.yaml }\n       - { resource: services/database.yaml }\n   ```\n   This not only makes your main configuration file easier to read but also enables you to find and manage settings quickly.\n   \n3. **Organize Configurations by Directories**: If you have a large number of configuration files, take advantage of directory imports. You can import all configurations from a directory using:\n   ```yaml\n   imports:\n       - { resource: services/ }\n   ```\n   This helps maintain a cleaner structure without crowding the main configuration file.""}]",knowledge/php/symfony-docs-7.1,1.0,train
"[{""from"": ""human"", ""value"": ""What considerations should be taken into account regarding service name conflicts when importing configurations?""}, {""from"": ""gpt"", ""value"": ""When importing configurations in Symfony, service name conflicts can arise when two or more services have the same name. To avoid these conflicts, consider the following:\n\n1. **Service Overriding**: If an imported file defines a service with the same name as one already defined, the imported service will override the existing one. This is crucial to keep in mind, as you may unintentionally replace functionality. It\u2019s best practice to be deliberate about naming services to ensure uniqueness.\n   \n2. **Use Exclude Option**: To manage imported configuration and prevent conflicts, utilize the `exclude` option in your service definitions. You can exclude specific classes or directories to ensure they are not unintentionally overridden:\n   ```yaml\n   App\\:\n       resource: '../src/*'\n       exclude: '../src/{SomeConflictingClass,AnotherConflictingClass}'\n   ```\n\n3. **Order of Imports**: The order in which you import files also matters. Symfony processes import files in the order they are declared. If a conflict arises, ensure that the service definitions in the correct files are loaded first to prevent unwanted overrides.\n   \n4. **Modular Design**: Aim to design your service configurations modularly. This culturally encourages defining clear, purpose-driven service classes, making it less likely to collide with others.\n   \n5. **Testing Conflicts**: Always test configurations after imports to identify and resolve conflicts early in the development cycle.""}]",knowledge/php/symfony-docs-7.1,1.0,train
"[{""from"": ""human"", ""value"": ""How do dependency injection extensions for bundles work in Symfony?""}, {""from"": ""gpt"", ""value"": ""In Symfony, dependency injection extensions for bundles provide a systematic way for bundles to load their service configurations without relying on the direct `import` directive. Here are the key points on how they work:\n\n1. **Bundle Initialization**: When a bundle is enabled within a Symfony application, its related dependency injection extension is automatically invoked. This extension is responsible for registering the services and parameters defined in the bundle\u2019s configuration files.\n   \n2. **Loading Configuration Files**: The configuration files located in `config/packages/` are passed to this extension. This means that if you create a configuration file for a bundle, it is recognized by the extension and processed to configure the services associated with that bundle:\n   ```yaml\n   # config/packages/framework.yaml (for FrameworkBundle)\n   framework:\n       session:\n           handler_id: null \n   ```\n   In this way, the services defined in the configuration are accessible throughout the application as specified by the extension.\n   \n3. **Flexibility and Ease of Use**: This approach provides flexibility as each bundle can encapsulate its configuration logic, making it easier to configure complex service behaviors by maintaining the boundaries between different parts of the application.\n   \n4. **Decoupling of Services**: By using dependency injection extensions, bundles can decouple their services from the main application configuration, enhancing modularity and allowing independent development without affecting the core application configuration.\n   \n5. **Example of Extension Implementation**: When implementing an extension in a bundle, you typically create a class that extends `Symfony\\Component\\HttpKernel\\DependencyInjection\\Extension` and implements the required logic to load service definitions.""}]",knowledge/php/symfony-docs-7.1,1.0,train
"[{""from"": ""human"", ""value"": ""What is the significance of the `exclude` option when importing services?""}, {""from"": ""gpt"", ""value"": ""The `exclude` option in Symfony service definitions plays a crucial role in managing service imports and avoiding conflicts. Here\u2019s its significance:\n\n1. **Conflict Prevention**: The `exclude` option allows you to specify certain classes or directories that should not be included in the service configuration loading process. This is especially useful for preventing conflicts when multiple imported configuration files define services with the same name or when certain services should remain independent.\n   \n   Example usage:\n   ```yaml\n   App\\:\n       resource: '../src/*'\n       exclude: '../src/{SomeService,AnotherService}'\n   ```\n   This structure keeps unwanted services from overriding the desired service definitions.\n   \n2. **Cleaner Codebase**: Utilizing the `exclude` option helps maintain a cleaner codebase by clearly indicating which services are intentionally excluded from the import, making the configuration more understandable for developers.\n   \n3. **Modular Architecture**: Employing the `exclude` option supports a modular architecture where service files are organized logically, allowing for targeted service management without causing disruptions to other service definitions.\n   \n4. **Simplified Maintenance**: When you use `exclude`, you simplify the process of maintaining services across various files. Changes in one area do not inadvertently impact the configurations in other areas, enabling more controlled modifications.""}]",knowledge/php/symfony-docs-7.1,1.0,train
"[{""from"": ""human"", ""value"": ""Can you provide an example of a complete configuration file using dependency injection extension?""}, {""from"": ""gpt"", ""value"": ""Certainly! Below is an example of a complete configuration file using a dependency injection extension in Symfony. This example outlines how you would set up such an extension within a custom bundle to manage service configurations:\n\n1. **Define the Extension Class**: In the bundle, create a class that extends `Symfony\\Component\\HttpKernel\\DependencyInjection\\Extension`. This class will load the service definitions:\n   ```php\n   // src/YourBundle/DependencyInjection/YourBundleExtension.php\n   namespace YourBundle\\DependencyInjection;\n   \n   use Symfony\\Component\\DependencyInjection\\Extension\\Extension;\n   use Symfony\\Component\\DependencyInjection\\ContainerBuilder;\n   use Symfony\\Component\\Config\\FileLocator;\n   use Symfony\\Component\\DependencyInjection\\Loader\\YamlFileLoader;\n   \n   class YourBundleExtension extends Extension\n   {\n       public function load(array $configs, ContainerBuilder $container)\n       {\n           // Load the configuration file(s) \n           $loader = new YamlFileLoader($container, new FileLocator(__DIR__.'/../Resources/config'));\n           $loader->load('services.yaml');\n       }\n   }\n   ```\n\n2. **Create a Configuration File**: In the specified configuration directory (`Resources/config/`), define your `services.yaml` file with your services:\n   ```yaml\n   # src/YourBundle/Resources/config/services.yaml\n   services:\n       App\\Service\\MyService:\n           args:\n               - '@some_other_service'\n   ```\n\n3. **Register the Extension**: Finally, ensure that your extension is registered in the bundle\u2019s class:\n   ```php\n   // src/YourBundle/YourBundle.php\n   namespace YourBundle;\n   \n   use Symfony\\Component\\HttpKernel\\Bundle\\Bundle;\n   use YourBundle\\DependencyInjection\\YourBundleExtension;\n\n   class YourBundle extends Bundle\n   {\n       public function getContainerExtension(): ?ExtensionInterface\n       {\n           return new YourBundleExtension();\n       }\n   }\n   ```\n\nThis setup allows you to manage service definitions through a dedicated extension, enhancing modularity and maintainability within Symfony applications.""}]",knowledge/php/symfony-docs-7.1,1.0,train
"[{""from"": ""human"", ""value"": ""What is the role of `service configurations files` in Symfony?""}, {""from"": ""gpt"", ""value"": ""Service configuration files in Symfony are integral to defining how services (objects) are constructed, managed, and injected into the application. Here\u2019s their role in detail:\n\n1. **Defining Services**: Configuration files specify the services used in the application, including their classes, dependencies, and configuration parameters. This declaration is essential for Symfony's Dependency Injection container to understand how to instantiate and manage these services.\n   \n2. **Encapsulation of Configuration**: By organizing these definitions in configuration files, developers can encapsulate the configuration details separate from the application logic. This modularity makes it easier to manage and changes configurations without affecting the underlying application code.\n   \n3. **Reusability**: Service configuration files promote reusability across different parts of the application or even in different projects, as they can be easily imported and configured without needing to rewrite service constructors or dependencies.\n   \n4. **Flexible Management**: With support for multiple file formats (YAML, XML, PHP), developers have the flexibility to choose the format that aligns most with their development style and project needs.\n   \n5. **Parameterization**: Configuration files can include parameters, making it easy to pass values into services at runtime, adapting to different environments (like development, testing, and production) without changing the source code.""}]",knowledge/php/symfony-docs-7.1,1.0,train
